provider,lat,lon,num_stops_per_week,score
CATA,40.79845,-77.8711,180,2
CATA,40.79806,-77.87449,165,1
CATA,40.8014,-77.87983,165,1
CATA,40.80452,-77.88272,5,1
CATA,40.80703,-77.88453,5,1
CATA,40.80952,-77.88698,5,1
CATA,40.80862,-77.88903,5,1
CATA,40.80757,-77.89085,5,1
CATA,40.80432,-77.89592,100,1
CATA,40.80263,-77.89816,100,1
CATA,40.79983,-77.89952,5,1
CATA,40.79943,-77.90097,5,1
CATA,40.79863,-77.90417,5,1
CATA,40.79964,-77.90541,6,1
CATA,40.80092,-77.90688,6,1
CATA,40.80368,-77.90735,6,1
CATA,40.79927,-77.90587,5,1
CATA,40.80418,-77.91495,6,1
CATA,40.80221,-77.91309,6,1
CATA,40.80103,-77.91067,6,1
CATA,40.80285,-77.91037,6,1
CATA,40.79774,-77.90866,5,1
CATA,40.79858,-77.90435,5,1
CATA,40.79935,-77.90093,5,1
CATA,40.8,-77.89938,5,1
CATA,40.80188,-77.89898,110,1
CATA,40.80422,-77.89584,110,1
CATA,40.80748,-77.89077,5,1
CATA,40.80857,-77.88887,5,1
CATA,40.80945,-77.8873,5,1
CATA,40.8071,-77.8848,5,1
CATA,40.8045,-77.88297,5,1
CATA,40.80247,-77.88217,170,2
CATA,40.80027,-77.87804,170,2
CATA,40.79896,-77.84765,3,1
CATA,40.79759,-77.84519,3,1
CATA,40.79657,-77.84311,3,1
CATA,40.79409,-77.84061,3,1
CATA,40.79105,-77.83927,3,1
CATA,40.78803,-77.83865,3,1
CATA,40.7859,-77.83784,3,1
CATA,40.78427,-77.82696,3,1
CATA,40.78273,-77.81414,25,1
CATA,40.7823,-77.81071,25,1
CATA,40.78197,-77.80022,22,1
CATA,40.78644,-77.79917,22,1
CATA,40.78678,-77.79539,22,1
CATA,40.78447,-77.7946,22,1
CATA,40.78228,-77.79378,22,1
CATA,40.7792,-77.78359,4,1
CATA,40.78351,-77.77405,4,1
CATA,40.784,-77.77236,4,1
CATA,40.7825,-77.76971,4,1
CATA,40.78434,-77.76521,4,1
CATA,40.78036,-77.76551,27,1
CATA,40.7747,-77.7578,19,1
CATA,40.76916,-77.75424,19,1
CATA,40.77471,-77.75761,19,1
CATA,40.78012,-77.76779,27,1
CATA,40.77628,-77.78243,4,1
CATA,40.77484,-77.78151,4,1
CATA,40.77322,-77.78257,4,1
CATA,40.77437,-77.78409,4,1
CATA,40.77612,-77.79093,4,1
CATA,40.7765,-77.79297,4,1
CATA,40.78202,-77.79356,27,1
CATA,40.78388,-77.79427,27,1
CATA,40.78414,-77.79044,4,1
CATA,40.78596,-77.79042,4,1
CATA,40.78666,-77.79515,27,1
CATA,40.78654,-77.79909,27,1
CATA,40.7823,-77.80027,27,1
CATA,40.78144,-77.80209,27,1
CATA,40.78254,-77.81115,27,1
CATA,40.78292,-77.81417,27,1
CATA,40.78343,-77.81866,27,1
CATA,40.78787,-77.83856,3,1
CATA,40.79078,-77.83888,3,1
CATA,40.79392,-77.84031,3,1
CATA,40.79707,-77.84353,3,1
CATA,40.79775,-77.84527,3,1
CATA,40.79901,-77.84756,3,1
CATA,40.831,-77.81201,3,1
CATA,40.82882,-77.81447,7,1
CATA,40.82708,-77.81471,4,1
CATA,40.82824,-77.81026,4,1
CATA,40.82926,-77.81042,4,1
CATA,40.83737,-77.80756,4,1
CATA,40.83425,-77.82055,4,1
CATA,40.83288,-77.82569,4,1
CATA,40.83172,-77.82505,4,1
CATA,40.82973,-77.82452,4,1
CATA,40.83125,-77.82651,4,1
CATA,40.83011,-77.82874,4,1
CATA,40.82888,-77.83001,4,1
CATA,40.82644,-77.82887,4,1
CATA,40.82481,-77.82964,4,1
CATA,40.82356,-77.8307,4,1
CATA,40.8223,-77.83242,4,1
CATA,40.81817,-77.8307,4,1
CATA,40.81596,-77.82996,4,1
CATA,40.81374,-77.82821,4,1
CATA,40.81381,-77.8281,3,1
CATA,40.81597,-77.82977,3,1
CATA,40.81831,-77.83052,3,1
CATA,40.822,-77.83233,3,1
CATA,40.82347,-77.83085,3,1
CATA,40.82492,-77.82956,3,1
CATA,40.82666,-77.82887,3,1
CATA,40.82891,-77.82985,3,1
CATA,40.83008,-77.82867,3,1
CATA,40.83118,-77.82653,3,1
CATA,40.82967,-77.82446,3,1
CATA,40.83145,-77.82478,3,1
CATA,40.83298,-77.82557,3,1
CATA,40.83419,-77.82054,3,1
CATA,40.83268,-77.81384,3,1
CATA,40.79456,-77.86155,495,2
CATA,40.79406,-77.86569,31,1
CATA,40.79604,-77.86826,31,1
CATA,40.79784,-77.86672,1007,4
CATA,40.80088,-77.86465,416,2
CATA,40.7972,-77.85806,347,2
CATA,40.8039,-77.86095,257,2
CATA,40.79905,-77.85899,257,2
CATA,40.80127,-77.85906,257,2
CATA,40.80519,-77.86056,159,1
CATA,40.80713,-77.85871,159,1
CATA,40.80749,-77.85639,0,0
CATA,40.80502,-77.85255,0,0
CATA,40.80462,-77.85201,42,1
CATA,40.80741,-77.85592,26,1
CATA,40.807,-77.859,182,2
CATA,40.80513,-77.86076,182,2
CATA,40.78512,-77.83458,25,1
CATA,40.78536,-77.83504,27,1
CATA,40.78468,-77.82877,4,1
CATA,40.80259,-77.85712,0,0
CATA,40.80607,-77.84031,68,1
CATA,40.8078,-77.83627,68,1
CATA,40.809,-77.83382,68,1
CATA,40.83248,-77.80597,56,1
CATA,40.83147,-77.80666,56,1
CATA,40.83367,-77.80072,143,1
CATA,40.8098,-77.8327,76,1
CATA,40.8081,-77.83629,76,1
CATA,40.80626,-77.84061,76,1
CATA,40.71866,-77.95751,7,1
CATA,40.71961,-77.95503,3,1
CATA,40.72042,-77.95542,3,1
CATA,40.72089,-77.95459,3,1
CATA,40.72675,-77.93977,3,1
CATA,40.72669,-77.93966,3,1
CATA,40.72792,-77.93676,3,1
CATA,40.72816,-77.93628,2,1
CATA,40.72643,-77.93489,2,1
CATA,40.72601,-77.93468,2,1
CATA,40.72415,-77.93246,2,1
CATA,40.72432,-77.93254,2,1
CATA,40.71889,-77.92778,2,1
CATA,40.71912,-77.92778,2,1
CATA,40.72573,-77.9054,2,1
CATA,40.72586,-77.90531,2,1
CATA,40.72831,-77.90048,2,1
CATA,40.72837,-77.9006,2,1
CATA,40.7294,-77.89889,2,1
CATA,40.72928,-77.89892,2,1
CATA,40.73207,-77.89313,2,1
CATA,40.73191,-77.8932,2,1
CATA,40.73283,-77.89051,2,1
CATA,40.73294,-77.89057,2,1
CATA,40.73342,-77.88874,2,1
CATA,40.73339,-77.8884,2,1
CATA,40.73437,-77.88478,2,1
CATA,40.73411,-77.8849,2,1
CATA,40.73649,-77.8823,2,1
CATA,40.7367,-77.88226,2,1
CATA,40.73885,-77.88001,2,1
CATA,40.73897,-77.87967,2,1
CATA,40.74247,-77.87645,2,1
CATA,40.74282,-77.87634,2,1
CATA,40.75643,-77.87449,2,1
CATA,40.75634,-77.87418,2,1
CATA,40.75904,-77.87715,2,1
CATA,40.75914,-77.87699,2,1
CATA,40.7613,-77.87536,3,1
CATA,40.76101,-77.87622,67,1
CATA,40.76652,-77.87224,4,1
CATA,40.76661,-77.87215,3,1
CATA,40.76908,-77.87596,4,1
CATA,40.76909,-77.8758,3,1
CATA,40.77068,-77.8742,3,1
CATA,40.7711,-77.8738,4,1
CATA,40.77173,-77.8698,3,1
CATA,40.77185,-77.86962,4,1
CATA,40.7722,-77.8674,3,1
CATA,40.77226,-77.8675,4,1
CATA,40.77312,-77.86572,3,1
CATA,40.77332,-77.86581,4,1
CATA,40.77568,-77.86531,3,1
CATA,40.77582,-77.86551,4,1
CATA,40.77789,-77.8664,4,1
CATA,40.77779,-77.86625,3,1
CATA,40.7791,-77.86578,3,1
CATA,40.77918,-77.86586,4,1
CATA,40.78014,-77.86372,3,1
CATA,40.78021,-77.86378,4,1
CATA,40.78143,-77.86419,3,1
CATA,40.78137,-77.8643,4,1
CATA,40.78217,-77.86308,8,1
CATA,40.78205,-77.86299,9,1
CATA,40.78287,-77.86092,8,1
CATA,40.78292,-77.8608,9,1
CATA,40.78471,-77.86296,8,1
CATA,40.78486,-77.86303,9,1
CATA,40.78574,-77.86422,9,1
CATA,40.78568,-77.8643,8,1
CATA,40.78757,-77.86675,8,1
CATA,40.78768,-77.86668,9,1
CATA,40.78876,-77.8683,8,1
CATA,40.78967,-77.86525,30,1
CATA,40.79103,-77.86617,29,1
CATA,40.79224,-77.86321,59,1
CATA,40.81162,-77.90531,153,1
CATA,40.81173,-77.90559,161,1
CATA,40.81468,-77.90202,104,1
CATA,40.82307,-77.89865,56,1
CATA,40.82294,-77.89859,52,1
CATA,40.82333,-77.89657,56,1
CATA,40.82323,-77.89653,52,1
CATA,40.82387,-77.89377,56,1
CATA,40.82376,-77.89366,52,1
CATA,40.82581,-77.8931,56,1
CATA,40.82563,-77.89289,52,1
CATA,40.82773,-77.89093,56,1
CATA,40.82763,-77.89081,52,1
CATA,40.82854,-77.88868,56,1
CATA,40.8299,-77.88697,56,1
CATA,40.82972,-77.887,52,1
CATA,40.83115,-77.88588,56,1
CATA,40.83108,-77.88573,52,1
CATA,40.83227,-77.88379,56,1
CATA,40.83215,-77.88363,52,1
CATA,40.82595,-77.87753,18,1
CATA,40.82602,-77.877,18,1
CATA,40.82392,-77.87312,18,1
CATA,40.82391,-77.87275,18,1
CATA,40.82851,-77.88851,52,1
CATA,40.81815,-77.85952,172,2
CATA,40.81801,-77.859,90,1
CATA,40.8136,-77.85516,152,1
CATA,40.81384,-77.85526,157,1
CATA,40.81106,-77.85285,68,1
CATA,40.80769,-77.8486,0,0
CATA,40.80509,-77.85108,0,0
CATA,40.79267,-77.86681,379,2
CATA,40.81014,-77.85581,159,1
CATA,40.78862,-77.86939,21,1
CATA,40.78802,-77.86745,21,1
CATA,40.78683,-77.8717,21,1
CATA,40.7869,-77.8714,21,1
CATA,40.78455,-77.87443,21,1
CATA,40.78462,-77.87416,21,1
CATA,40.78304,-77.87624,21,1
CATA,40.78305,-77.876,21,1
CATA,40.78158,-77.87802,21,1
CATA,40.78138,-77.87795,21,1
CATA,40.77797,-77.88267,4,1
CATA,40.77863,-77.88132,6,1
CATA,40.7773,-77.88387,4,1
CATA,40.77707,-77.88397,6,1
CATA,40.77248,-77.88742,24,1
CATA,40.77233,-77.88768,23,1
CATA,40.77074,-77.8874,24,1
CATA,40.76809,-77.88609,24,1
CATA,40.76831,-77.88657,23,1
CATA,40.76634,-77.88432,24,1
CATA,40.76643,-77.88468,23,1
CATA,40.7663,-77.88222,21,1
CATA,40.76591,-77.88196,21,1
CATA,40.76492,-77.8808,21,1
CATA,40.76366,-77.87967,21,1
CATA,40.76343,-77.87948,63,1
CATA,40.76426,-77.87806,63,1
CATA,40.83463,-77.80126,7,1
CATA,40.8373,-77.8023,56,1
CATA,40.84053,-77.80149,28,1
CATA,40.83774,-77.80414,4,1
CATA,40.83692,-77.80552,56,1
CATA,40.83608,-77.80649,4,1
CATA,40.82849,-77.80544,13,1
CATA,40.82755,-77.8075,72,1
CATA,40.82618,-77.80892,65,1
CATA,40.82382,-77.81196,65,1
CATA,40.82398,-77.81219,72,1
CATA,40.82193,-77.81436,65,1
CATA,40.81723,-77.81846,56,1
CATA,40.81723,-77.81832,52,1
CATA,40.81504,-77.81889,56,1
CATA,40.81495,-77.8187,52,1
CATA,40.81369,-77.81913,56,1
CATA,40.81376,-77.81894,52,1
CATA,40.81123,-77.81828,52,1
CATA,40.81136,-77.8184,56,1
CATA,40.80983,-77.81876,56,1
CATA,40.80948,-77.81874,52,1
CATA,40.81013,-77.82208,56,1
CATA,40.81004,-77.82152,52,1
CATA,40.81017,-77.82475,52,1
CATA,40.81028,-77.82456,28,1
CATA,40.8103,-77.82873,52,1
CATA,40.8104,-77.82837,56,1
CATA,40.81858,-77.84369,71,1
CATA,40.8201,-77.84544,67,1
CATA,40.81868,-77.85016,66,1
CATA,40.81809,-77.8506,67,1
CATA,40.81015,-77.85595,156,1
CATA,40.80094,-77.86477,182,2
CATA,40.79739,-77.86752,182,2
CATA,40.79596,-77.8683,138,1
CATA,40.79422,-77.86604,138,1
CATA,40.79214,-77.86325,136,1
CATA,40.79366,-77.85991,163,1
CATA,40.79518,-77.86021,40,1
CATA,40.79377,-77.85805,40,1
CATA,40.79357,-77.85781,22,1
CATA,40.79268,-77.85609,22,1
CATA,40.79257,-77.85565,40,1
CATA,40.79136,-77.85323,40,1
CATA,40.79128,-77.85326,22,1
CATA,40.79009,-77.85077,22,1
CATA,40.79,-77.85039,40,1
CATA,40.78894,-77.8492,40,1
CATA,40.78898,-77.84941,22,1
CATA,40.78815,-77.8494,22,1
CATA,40.7855,-77.8488,22,1
CATA,40.78735,-77.84747,40,1
CATA,40.78438,-77.84715,39,1
CATA,40.78502,-77.84488,40,1
CATA,40.78435,-77.84432,22,1
CATA,40.78465,-77.84162,22,1
CATA,40.7848,-77.84131,23,1
CATA,40.78522,-77.83857,23,1
CATA,40.7845,-77.83887,45,1
CATA,40.78388,-77.83824,45,1
CATA,40.78643,-77.82918,23,1
CATA,40.78729,-77.83118,22,1
CATA,40.78571,-77.82915,22,1
CATA,40.7867,-77.82655,22,1
CATA,40.78617,-77.82353,22,1
CATA,40.78742,-77.82218,22,1
CATA,40.78482,-77.82153,45,1
CATA,40.78492,-77.82018,45,1
CATA,40.79047,-77.86314,98,1
CATA,40.78816,-77.86038,115,1
CATA,40.78812,-77.86004,98,1
CATA,40.78592,-77.85542,115,1
CATA,40.78604,-77.85526,98,1
CATA,40.76214,-77.87563,126,1
CATA,40.78499,-77.84956,98,1
CATA,40.78383,-77.84852,115,1
CATA,40.78202,-77.85024,115,1
CATA,40.7796,-77.85425,115,1
CATA,40.77982,-77.85395,115,1
CATA,40.77789,-77.85471,115,1
CATA,40.7776,-77.85458,115,1
CATA,40.77558,-77.85627,115,1
CATA,40.77533,-77.85663,115,1
CATA,40.77526,-77.85842,115,1
CATA,40.77455,-77.86062,115,1
CATA,40.77314,-77.86212,115,1
CATA,40.77199,-77.86386,115,1
CATA,40.79812,-77.87484,170,2
CATA,40.80324,-77.88444,109,1
CATA,40.80306,-77.88486,105,1
CATA,40.80256,-77.88596,105,1
CATA,40.80256,-77.88583,109,1
CATA,40.79861,-77.88672,99,1
CATA,40.79873,-77.88692,56,1
CATA,40.78879,-77.89489,141,1
CATA,40.78895,-77.8951,56,1
CATA,40.79071,-77.89804,98,1
CATA,40.79083,-77.89802,56,1
CATA,40.79153,-77.89882,56,1
CATA,40.79149,-77.89893,98,1
CATA,40.79039,-77.90334,56,1
CATA,40.7904,-77.90366,56,1
CATA,40.79077,-77.90773,53,1
CATA,40.79009,-77.90732,56,1
CATA,40.79328,-77.91031,53,1
CATA,40.79338,-77.91065,56,1
CATA,40.79545,-77.91371,53,1
CATA,40.79547,-77.91405,56,1
CATA,40.7969,-77.91165,10,1
CATA,40.79894,-77.9139,6,1
CATA,40.79951,-77.91581,6,1
CATA,40.80018,-77.91711,6,1
CATA,40.79975,-77.91926,56,1
CATA,40.80145,-77.91817,6,1
CATA,40.80239,-77.92047,6,1
CATA,40.80404,-77.91953,6,1
CATA,40.80709,-77.91784,6,1
CATA,40.80961,-77.92036,6,1
CATA,40.80976,-77.92164,6,1
CATA,40.80801,-77.92313,109,1
CATA,40.80556,-77.92431,0,0
CATA,40.80766,-77.92547,0,0
CATA,40.8087,-77.92554,56,1
CATA,40.80882,-77.92548,53,1
CATA,40.81052,-77.92359,57,1
CATA,40.81082,-77.92378,112,1
CATA,40.81013,-77.91449,4,1
CATA,40.81029,-77.91395,3,1
CATA,40.80977,-77.91147,4,1
CATA,40.80981,-77.91007,3,1
CATA,40.81051,-77.90682,49,1
CATA,40.8107,-77.90691,109,1
CATA,40.80187,-77.88728,105,1
CATA,40.80214,-77.88733,95,1
CATA,40.80295,-77.88881,105,1
CATA,40.80308,-77.88869,95,1
CATA,40.80411,-77.89078,105,1
CATA,40.80417,-77.89066,95,1
CATA,40.80517,-77.89216,95,1
CATA,40.80125,-77.90033,105,1
CATA,40.80132,-77.90023,95,1
CATA,40.80256,-77.90159,105,1
CATA,40.80251,-77.90135,95,1
CATA,40.80479,-77.90457,105,1
CATA,40.80478,-77.90441,95,1
CATA,40.8066,-77.90534,105,1
CATA,40.80663,-77.90522,95,1
CATA,40.80748,-77.90338,95,1
CATA,40.80754,-77.90357,105,1
CATA,40.80836,-77.90221,95,1
CATA,40.8085,-77.90228,105,1
CATA,40.80958,-77.9022,255,2
CATA,40.80892,-77.9041,113,1
CATA,40.80916,-77.90634,113,1
CATA,40.8095,-77.9075,52,1
CATA,40.81886,-77.89325,52,1
CATA,40.81908,-77.88955,52,1
CATA,40.81627,-77.88727,102,1
CATA,40.81627,-77.88796,103,1
CATA,40.81588,-77.88646,103,1
CATA,40.81544,-77.88426,102,1
CATA,40.81552,-77.88463,103,1
CATA,40.81246,-77.88627,103,1
CATA,40.81222,-77.88628,102,1
CATA,40.81027,-77.89024,103,1
CATA,40.81,-77.89059,102,1
CATA,40.80993,-77.89189,103,1
CATA,40.80985,-77.89145,102,1
CATA,40.81632,-77.89687,52,1
CATA,40.8162,-77.89677,52,1
CATA,40.81873,-77.89322,52,1
CATA,40.81893,-77.8896,52,1
CATA,40.80904,-77.89636,52,1
CATA,40.80889,-77.8962,52,1
CATA,40.80767,-77.89262,55,1
CATA,40.80614,-77.88907,56,1
CATA,40.80615,-77.88871,55,1
CATA,40.80525,-77.88742,56,1
CATA,40.80516,-77.88693,55,1
CATA,40.80345,-77.88365,60,1
CATA,40.78195,-77.86608,4,1
CATA,40.78184,-77.86656,6,1
CATA,40.78006,-77.87031,4,1
CATA,40.77968,-77.87058,6,1
CATA,40.77738,-77.87446,4,1
CATA,40.77732,-77.87433,6,1
CATA,40.77862,-77.87876,4,1
CATA,40.77856,-77.87897,6,1
CATA,40.76998,-77.88742,23,1
CATA,40.76565,-77.88494,2,1
CATA,40.76559,-77.88504,3,1
CATA,40.76638,-77.88808,3,1
CATA,40.76657,-77.88794,2,1
CATA,40.76562,-77.88992,3,1
CATA,40.76574,-77.88996,2,1
CATA,40.76872,-77.89218,2,1
CATA,40.76888,-77.8929,3,1
CATA,40.77308,-77.8906,2,1
CATA,40.77303,-77.89086,3,1
CATA,40.77375,-77.88931,23,1
CATA,40.77381,-77.88997,27,1
CATA,40.77604,-77.89375,25,1
CATA,40.77588,-77.89383,27,1
CATA,40.78022,-77.89766,4,1
CATA,40.78008,-77.89774,6,1
CATA,40.7826,-77.90097,10,1
CATA,40.78312,-77.90382,6,1
CATA,40.78486,-77.90238,6,1
CATA,40.80053,-77.84613,34,1
CATA,40.80059,-77.84628,68,1
CATA,40.79958,-77.84744,34,1
CATA,40.79962,-77.84722,34,1
CATA,40.80123,-77.85152,37,1
CATA,40.79886,-77.85297,105,1
CATA,40.79629,-77.85639,105,1
CATA,40.83055,-77.84465,63,1
CATA,40.83293,-77.84216,63,1
CATA,40.81121,-77.85259,71,1
CATA,40.79283,-77.87056,135,1
CATA,40.90979,-77.75037,14,1
CATA,40.91096,-77.75127,14,1
CATA,40.911,-77.75112,14,1
CATA,40.9141,-77.75621,14,1
CATA,40.91413,-77.75612,14,1
CATA,40.91506,-77.75503,9,1
CATA,40.91506,-77.75519,8,1
CATA,40.91626,-77.75602,8,1
CATA,40.91634,-77.75603,9,1
CATA,40.91595,-77.7601,9,1
CATA,40.91581,-77.76028,1,1
CATA,40.91445,-77.7602,7,1
CATA,40.91428,-77.76044,7,1
CATA,40.91412,-77.76178,7,1
CATA,40.91393,-77.76208,7,1
CATA,40.91342,-77.7645,7,1
CATA,40.91356,-77.76443,7,1
CATA,40.91526,-77.76282,8,1
CATA,40.91546,-77.76232,9,1
CATA,40.91483,-77.76473,8,1
CATA,40.91491,-77.76482,9,1
CATA,40.9172,-77.76631,9,1
CATA,40.91698,-77.76626,8,1
CATA,40.91267,-77.76868,7,1
CATA,40.91238,-77.76939,7,1
CATA,40.91202,-77.77174,7,1
CATA,40.91184,-77.772,7,1
CATA,40.90987,-77.77036,7,1
CATA,40.90991,-77.77054,7,1
CATA,40.90832,-77.76795,7,1
CATA,40.90853,-77.76852,7,1
CATA,40.9061,-77.76484,7,1
CATA,40.90617,-77.76475,7,1
CATA,40.90391,-77.76146,7,1
CATA,40.90387,-77.7616,7,1
CATA,40.89088,-77.7459,7,1
CATA,40.89096,-77.74581,7,1
CATA,40.88947,-77.74353,7,1
CATA,40.88962,-77.74352,7,1
CATA,40.88658,-77.74158,7,1
CATA,40.88599,-77.74107,7,1
CATA,40.88284,-77.73946,7,1
CATA,40.88275,-77.7392,7,1
CATA,40.87311,-77.73764,7,1
CATA,40.873,-77.7377,7,1
CATA,40.87124,-77.73633,7,1
CATA,40.87121,-77.73652,7,1
CATA,40.86817,-77.73538,7,1
CATA,40.86815,-77.73524,7,1
CATA,40.86556,-77.73562,7,1
CATA,40.86571,-77.73532,7,1
CATA,40.86627,-77.73813,7,1
CATA,40.86625,-77.73852,7,1
CATA,40.86668,-77.74071,7,1
CATA,40.86683,-77.74093,7,1
CATA,40.86756,-77.74447,7,1
CATA,40.8675,-77.74468,7,1
CATA,40.86799,-77.74729,14,1
CATA,40.86806,-77.74715,14,1
CATA,40.86918,-77.75197,14,1
CATA,40.86913,-77.75156,14,1
CATA,40.8702,-77.75223,14,1
CATA,40.87159,-77.74903,14,1
CATA,40.87375,-77.74892,14,1
CATA,40.87762,-77.7474,14,1
CATA,40.87661,-77.74977,14,1
CATA,40.87505,-77.75523,14,1
CATA,40.86709,-77.7478,7,1
CATA,40.86613,-77.74929,7,1
CATA,40.86513,-77.75031,7,1
CATA,40.86498,-77.75075,7,1
CATA,40.86229,-77.75524,7,1
CATA,40.86187,-77.75557,7,1
CATA,40.86064,-77.75797,7,1
CATA,40.86039,-77.75809,7,1
CATA,40.858,-77.76164,7,1
CATA,40.85772,-77.7618,7,1
CATA,40.85419,-77.76758,7,1
CATA,40.85412,-77.76746,7,1
CATA,40.83882,-77.78796,7,1
CATA,40.83907,-77.78781,7,1
CATA,40.83695,-77.7912,14,1
CATA,40.83548,-77.7937,7,1
CATA,40.83616,-77.79288,7,1
CATA,40.83478,-77.79649,7,1
CATA,40.83986,-77.79803,8,1
CATA,40.83953,-77.79855,9,1
CATA,40.84401,-77.79491,8,1
CATA,40.8441,-77.79509,9,1
CATA,40.87807,-77.77585,17,1
CATA,40.88163,-77.77977,9,1
CATA,40.88253,-77.77995,8,1
CATA,40.88824,-77.78216,9,1
CATA,40.88441,-77.78054,8,1
CATA,40.89037,-77.78349,9,1
CATA,40.8903,-77.78332,8,1
CATA,40.89391,-77.78599,9,1
CATA,40.8935,-77.78554,8,1
CATA,40.90498,-77.78656,8,1
CATA,40.906,-77.78513,9,1
CATA,40.90759,-77.78245,9,1
CATA,40.90753,-77.78235,8,1
CATA,40.91164,-77.7795,8,1
CATA,40.91205,-77.77815,9,1
CATA,40.91232,-77.7779,8,1
CATA,40.9133,-77.77827,8,1
CATA,40.91541,-77.77922,9,1
CATA,40.91568,-77.77917,8,1
CATA,40.91646,-77.77634,9,1
CATA,40.91629,-77.77662,8,1
CATA,40.917,-77.77338,8,1
CATA,40.91712,-77.77324,9,1
CATA,40.91759,-77.77103,9,1
CATA,40.91749,-77.77102,8,1
CATA,40.91683,-77.77045,8,1
CATA,40.91694,-77.77035,9,1
CATA,40.91687,-77.76817,9,1
CATA,40.91682,-77.768,8,1
CATA,40.9134,-77.77846,9,1
CATA,40.78458,-77.82966,3,1
CATA,40.77541,-77.7853,4,1
CATA,40.72132,-77.95337,3,1
CATA,40.80915,-77.89476,52,1
CATA,40.80765,-77.89366,56,1
CATA,40.88733,-77.7816,8,1
CATA,40.88561,-77.78118,9,1
CATA,40.81812,-77.89638,52,1
CATA,40.81807,-77.89621,52,1
CATA,40.79109,-77.8642,115,1
CATA,40.81745,-77.889,102,1
CATA,40.81736,-77.88919,52,1
CATA,40.76974,-77.89425,3,1
CATA,40.76978,-77.89407,2,1
CATA,40.77776,-77.75802,19,1
CATA,40.77758,-77.75774,19,1
CATA,40.80951,-77.94756,4,1
CATA,40.80939,-77.94772,3,1
CATA,40.81121,-77.9449,4,1
CATA,40.81135,-77.94464,3,1
CATA,40.81444,-77.94165,38,1
CATA,40.81483,-77.93369,4,1
CATA,40.81468,-77.93332,3,1
CATA,40.81124,-77.93158,4,1
CATA,40.81135,-77.93151,3,1
CATA,40.8112,-77.92918,4,1
CATA,40.81147,-77.92913,3,1
CATA,40.83026,-77.80506,72,1
CATA,40.78391,-77.78578,4,1
CATA,40.78583,-77.78696,4,1
CATA,40.78269,-77.76648,4,1
CATA,40.82757,-77.88127,52,1
CATA,40.82764,-77.88104,56,1
CATA,40.82894,-77.8481,125,1
CATA,40.83067,-77.84414,62,1
CATA,40.83281,-77.84199,62,1
CATA,40.83107,-77.81179,4,1
CATA,40.81466,-77.90249,108,1
CATA,40.84179,-77.7966,8,1
CATA,40.84255,-77.79628,9,1
CATA,40.83556,-77.80744,56,1
CATA,40.80864,-77.8998,3,1
CATA,40.80854,-77.90102,4,1
CATA,40.8996,-77.75499,7,1
CATA,40.90271,-77.75963,7,1
CATA,40.90238,-77.75932,5,1
CATA,40.89949,-77.75499,5,1
CATA,40.82251,-77.86739,86,1
CATA,40.82272,-77.8674,90,1
CATA,40.80208,-77.95864,7,1
CATA,40.80229,-77.9587,3,1
CATA,40.81344,-77.9409,3,1
CATA,40.81339,-77.94081,4,1
CATA,40.81114,-77.92053,4,1
CATA,40.82205,-77.8146,72,1
CATA,40.77496,-77.89208,25,1
CATA,40.89559,-77.78693,8,1
CATA,40.89626,-77.78758,9,1
CATA,40.82616,-77.87923,18,1
CATA,40.8264,-77.87939,18,1
CATA,40.83881,-77.80248,28,1
CATA,40.81651,-77.89056,0,0
CATA,40.72133,-77.91508,2,1
CATA,40.72152,-77.9147,2,1
CATA,40.81337,-77.91908,53,1
CATA,40.81377,-77.91776,53,1
CATA,40.8313,-77.88226,52,1
CATA,40.83138,-77.88218,56,1
CATA,40.7304,-77.93063,1,1
CATA,40.8758,-77.74691,14,1
CATA,40.78197,-77.88764,21,1
CATA,40.78002,-77.89418,21,1
CATA,40.77478,-77.89212,27,1
CATA,40.78194,-77.88739,21,1
CATA,40.78037,-77.89305,21,1
CATA,40.78013,-77.88051,21,1
CATA,40.78005,-77.87948,21,1
CATA,40.91443,-77.74974,15,1
CATA,40.91319,-77.73853,31,1
CATA,40.91454,-77.74966,16,1
CATA,40.87686,-77.74038,7,1
CATA,40.87683,-77.74027,7,1
CATA,40.81632,-77.93839,4,1
CATA,40.81642,-77.93837,3,1
CATA,40.7836,-77.84873,115,1
CATA,40.78227,-77.85016,115,1
CATA,40.78206,-77.80872,25,1
CATA,40.78221,-77.80848,27,1
CATA,40.8232,-77.88381,142,1
CATA,40.81696,-77.88937,0,0
CATA,40.82542,-77.87317,18,1
CATA,40.82529,-77.87312,18,1
CATA,40.83096,-77.80321,13,1
CATA,40.8237,-77.89174,0,0
CATA,40.82363,-77.88946,0,0
CATA,40.83317,-77.80541,56,1
CATA,40.7807,-77.85308,115,1
CATA,40.83405,-77.80998,56,1
CATA,40.78474,-77.84904,115,1
CATA,40.81294,-77.93058,4,1
CATA,40.81303,-77.93043,3,1
CATA,40.83523,-77.80665,56,1
CATA,40.82601,-77.88023,142,1
CATA,40.82592,-77.8805,142,1
CATA,40.79661,-77.89111,0,0
CATA,40.7966,-77.89153,42,1
CATA,40.79581,-77.89432,0,0
CATA,40.79356,-77.89734,42,1
CATA,40.79582,-77.89472,42,1
CATA,40.79338,-77.89744,0,0
CATA,40.82377,-77.88922,0,0
CATA,40.82382,-77.89185,0,0
CATA,40.77392,-77.85591,42,1
CATA,40.76485,-77.88088,21,1
CATA,40.81481,-77.82423,16,1
CATA,40.81452,-77.82432,13,1
CATA,40.7248,-77.90831,2,1
CATA,40.7249,-77.90831,2,1
CATA,40.73017,-77.93077,3,1
CATA,40.7725,-77.85559,42,1
CATA,40.8047,-77.85278,0,0
CATA,40.8237,-77.88658,176,2
CATA,40.83329,-77.8103,4,1
CATA,40.8095,-77.92272,53,1
CATA,40.79972,-77.91901,53,1
CATA,40.77782,-77.79116,25,1
CATA,40.77967,-77.78585,7,1
CATA,40.7803,-77.78824,4,1
CATA,40.78297,-77.78414,4,1
CATA,40.78095,-77.78291,4,1
CATA,40.78551,-77.75883,4,1
CATA,40.77668,-77.78291,22,1
CATA,40.77677,-77.77716,45,1
CATA,40.77679,-77.77358,23,1
CATA,40.77676,-77.78308,23,1
CATA,40.77823,-77.79193,23,1
CATA,40.78773,-77.82195,23,1
CATA,40.78626,-77.82366,23,1
CATA,40.78672,-77.82633,23,1
CATA,40.80944,-77.90114,151,1
CATA,40.80801,-77.92285,5,1
CATA,40.76793,-77.85917,230,2
CATA,40.77083,-77.86205,56,1
CATA,40.80556,-77.92384,53,1
CATA,40.80835,-77.92281,56,1
CATA,40.80556,-77.92406,56,1
CATA,40.80937,-77.92282,56,1
